{
  "project_info": {
    "project_number": "539356469968",
    "firebase_url": "https://loginpage-727a9.firebaseio.com",
    "project_id": "loginpage-727a9",
    "storage_bucket": "loginpage-727a9.appspot.com"
  },
  "client": [
    {
      "client_info": {
        "mobilesdk_app_id": "1:539356469968:android:e8b6991fa3d2c21e735cd5",
        "android_client_info": {
          "package_name": "com.example.loginactivity"
        }
      },
      "oauth_client": [
        {
          "client_id": "539356469968-ou2gvtp4jjtu7qhvpjq96mktri0nhm81.apps.googleusercontent.com",
          "client_type": 3
        }
      ],
      "api_key": [
        {
          "current_key": "AIzaSyD1wbputE-c0zVqqxL6ug6iipXENlI0ri0"
        }
      ],
      "services": {
        "appinvite_service": {
          "other_platform_oauth_client": [
            {
              "client_id": "539356469968-ou2gvtp4jjtu7qhvpjq96mktri0nhm81.apps.googleusercontent.com",
              "client_type": 3
            }
          ]
        }
      }
    }
  ],
  "configuration_version": "1"
}